unix_time,response_time
,
1527705737,2
,
1527705738,2
,
1527705739,1
,
1527705740,2
,
1527705741,2
,
1527705742,2
,
1527705743,2
,
1527705744,2
,
1527705745,2
,
1527705746,2
,
1527705747,3
,
1527705748,2
,
1527705749,2
,
1527705750,2
,
1527705751,2
,
1527705752,2
,
1527705753,2
,
1527705754,2
,
1527705755,2
,
1527705756,1
,
1527705757,2
,
1527705758,2
,
1527705759,2
,
1527705760,2
,
1527705761,2
,
1527705762,1
,
1527705763,2
,
1527705764,2
,
1527705765,2
,
1527705766,2
,
1527705767,2
,
1527705768,2
,
1527705769,2
,
1527705770,1
,
1527705771,1
,
1527705772,2
,
1527705773,1
,
1527705774,1
,
1527705775,1
,
1527705776,1
,
1527705777,2
,
1527705778,1
,
1527705779,2
,
1527705780,2
,
1527705781,2
,
1527705782,2
,
1527705783,1
,
1527705784,2
,
1527705785,1
,
1527705786,1
,
1527705787,2
,
1527705788,2
,
1527705789,1
,
1527705790,1
,
1527705791,1
,
1527705792,2
,
1527705793,1
,
1527705794,2
,
1527705795,2
,
1527705796,2
,
1527705797,2
,
1527705798,2
,
1527705799,1
,
1527705800,2
,
1527705801,2
,
1527705802,2
,
1527705803,2
,
1527705804,1
,
1527705805,2
,
1527705806,2
,
1527705807,1
,
1527705808,2
,
1527705809,2
,
1527705810,1
,
1527705811,2
,
1527705812,2
,
1527705813,2
,
1527705814,1
,
1527705815,2
,
1527705816,1
,
1527705817,2
,
1527705818,2
,
1527705819,1
,
1527705820,2
,
1527705821,2
,
1527705822,2
,
1527705823,2
,
1527705824,2
,
1527705825,2
,
1527705826,2
,
1527705827,1
,
1527705828,1
,
1527705829,2
,
1527705830,2
,
1527705831,1
,
1527705832,1
,
1527705833,2
,
1527705834,2
,
1527705835,2
,
1527705836,2
,
1527705837,1
,
1527705838,2
,
1527705839,2
,
1527705840,1
,
1527705841,2
,
1527705842,1
,
1527705843,2
,
1527705844,2
,
1527705845,2
,
1527705846,2
,
1527705847,2
,
1527705848,2
,
1527705849,1
,
1527705850,1
,
1527705851,1
,
1527705852,2
,
1527705853,2
,
1527705854,2
,
1527705855,2
,
1527705856,2
,
1527705857,2
,
1527705858,1
,
1527705859,2
,
1527705860,1
,
1527705861,1
,
1527705862,2
,
1527705863,1
,
1527705864,2
,
1527705865,2
,
1527705866,2
,
1527705867,2
,
1527705868,2
,
1527705869,2
,
1527705870,2
,
1527705871,2
,
1527705872,2
,
1527705873,2
,
1527705874,2
,
1527705875,2
,
1527705876,2
,
1527705877,2
,
1527705878,1
,
1527705879,2
,
1527705880,2
,
1527705881,1
,
1527705882,1
,
1527705883,2
,
1527705884,2
,
1527705885,2
,
1527705886,2
,
1527705887,2
,
1527705888,2
,
1527705889,2
,
1527705890,1
,
1527705891,2
,
1527705892,2
,
1527705893,2
,
1527705894,2
,
1527705895,1
,
1527705896,1
,
1527705897,1
,
1527705898,2
,
1527705899,2
,
1527705900,1
,
1527705901,1
,
1527705902,1
,
1527705903,2
,
1527705904,1
,
1527705905,1
,
1527705906,1
,
1527705907,2
,
1527705908,1
,
1527705909,2
,
1527705910,1
,
1527705911,1
,
1527705912,2
,
1527705913,2
,
1527705914,1
,
1527705915,2
,
1527705916,2
,
1527705917,2
,
1527705918,1
,
1527705920,2
,
1527705921,2
,
1527705922,1
,
1527705923,2
,
1527705924,2
,
1527705925,1
,
1527705926,2
,
1527705927,2
,
1527705928,2
,
1527705929,1
,
1527705930,1
,
1527705931,1
,
1527705932,2
,
1527705933,1
,
1527705934,2
,
1527705935,1
,
1527705936,2
,
1527705937,1
,
1527705938,2
,
1527705939,1
,
1527705940,1
,
1527705941,1
,
1527705942,2
,
1527705943,2
,
1527705944,2
,
1527705945,1
,
1527705946,1
,
1527705947,1
,
1527705948,1
,
1527705949,2
,
1527705950,1
,
1527705951,1
,
1527705952,2
,
1527705953,1
,
1527705954,1
,
1527705955,2
,
1527705956,2
,
1527705957,1
,
1527705958,2
,
1527705959,2
,
1527705960,2
,
1527705961,2
,
1527705962,2
,
1527705963,2
,
1527705964,1
,
1527705965,2
,
1527705966,2
,
1527705967,2
,
1527705968,2
,
1527705969,2
,
1527705970,2
,
1527705971,2
,
1527705972,2
,
1527705973,2
,
1527705974,1
,
1527705975,1
,
1527705976,1
,
1527705977,1
,
1527705978,1
,
1527705979,2
,
1527705980,2
,
1527705981,2
,
1527705982,1
,
1527705983,1
,
1527705984,1
,
1527705985,2
,
1527705986,1
,
1527705987,2
,
1527705988,2
,
1527705989,2
,
1527705990,2
,
1527705991,1
,
1527705992,1
,
1527705993,1
,
1527705994,2
,
1527705995,1
,
1527705996,2
,
1527705997,2
,
1527705998,2
,
1527705999,2
,
1527706000,2
,
1527706001,2
,
1527706002,1
,
1527706003,3
,
1527706004,2
,
1527706005,1
,
1527706006,2
,
1527706007,2
,
1527706008,1
,
1527706009,2
,
1527706010,2
,
1527706011,2
,
1527706012,2
,
1527706013,1
,
1527706014,1
,
1527706015,2
,
1527706016,2
,
1527706017,2
,
1527706018,1
,
1527706019,2
,
1527706020,2
,
1527706021,2
,
1527706022,2
,
1527706023,1
,
1527706024,2
,
1527706025,2
,
1527706026,2
,
1527706027,1
,
1527706028,2
,
1527706029,2
,
1527706030,2
,
1527706031,2
,
1527706032,2
,
1527706033,2
,
1527706034,1
,
1527706035,1
,
1527706036,1
,
1527706037,2
,
1527706038,1
,
1527706039,1
,
1527706040,1
,
1527706041,1
,
1527706042,1
,
1527706043,1
,
1527706044,2
,
1527706045,2
,
1527706046,1
,
1527706047,2
,
1527706048,1
,
1527706049,2
,
1527706050,1
,
1527706051,2
,
1527706052,1
,
1527706053,1
,
1527706054,1
,
1527706055,2
,
1527706056,1
,
1527706057,1
,
1527706058,2
,
1527706059,1
,
1527706060,2
,
1527706061,1
,
1527706062,2
,
1527706063,2
,
1527706064,2
,
1527706065,2
,
1527706066,2
,
1527706067,1
,
1527706068,1
,
1527706069,1
,
1527706070,1
,
1527706071,2
,
1527706072,1
,
1527706073,2
,
1527706074,1
,
1527706075,2
,
1527706076,2
,
1527706077,2
,
1527706078,1
,
1527706079,1
,
1527706080,2
,
1527706081,2
,
1527706082,1
,
1527706083,1
,
1527706084,2
,
1527706085,1
,
1527706086,1
,
1527706087,1
,
1527706088,2
,
1527706089,1
,
1527706090,1
,
1527706091,2
,
1527706092,1
,
1527706093,1
,
1527706094,2
,
1527706095,1
,
1527706096,2
,
1527706097,2
,
1527706098,1
,
1527706099,2
,
1527706100,2
,
1527706101,1
,
1527706102,2
,
1527706103,2
,
1527706104,2
,
1527706105,2
,
1527706106,1
,
1527706107,2
,
1527706108,2
,
1527706109,2
,
1527706110,1
,
1527706111,2
,
1527706112,3
,
1527706113,1
,
1527706114,1
,
1527706115,2
,
1527706116,2
,
1527706117,1
,
1527706118,2
,
1527706119,2
,
1527706120,2
,
1527706121,1
,
1527706122,1
,
1527706123,2
,
1527706124,2
,
1527706125,1
,
1527706126,2
,
1527706127,1
,
1527706128,2
,
1527706129,1
,
1527706130,1
,
1527706131,2
,
1527706132,2
,
1527706133,2
,
1527706134,2
,
1527706135,2
,
1527706136,2
,
1527706137,2
,
1527706138,2
,
1527706139,2
,
1527706140,1
,
1527706141,2
,
1527706142,2
,
1527706143,1
,
1527706144,2
,
1527706145,2
,
1527706146,2
,
1527706147,2
,
1527706148,1
,
1527706149,1
,
1527706150,2
,
1527706151,2
,
1527706153,2
,
1527706154,1
,
1527706155,2
,
1527706156,2
,
1527706157,2
,
1527706158,1
,
1527706159,2
,
1527706160,2
,
1527706161,2
,
1527706162,1
,
1527706163,2
,
1527706164,2
,
1527706165,2
,
1527706166,1
,
1527706167,2
,
1527706168,2
,
1527706169,2
,
1527706170,2
,
1527706171,1
,
1527706172,2
,
1527706173,2
,
1527706174,2
,
1527706175,1
,
1527706176,2
,
1527706177,2
,
1527706178,1
,
1527706179,1
,
1527706180,1
,
1527706181,1
,
1527706182,2
,
1527706183,2
,
1527706184,1
,
1527706185,3
,
1527706186,1
,
1527706187,1
,
1527706188,1
,
1527706189,1
,
1527706190,2
,
1527706191,1
,
1527706192,2
,
1527706193,2
,
1527706194,2
,
1527706195,1
,
1527706196,2
,
1527706197,1
,
1527706198,2
,
1527706199,2
,
1527706200,2
,
1527706201,1
,
1527706202,2
,
1527706203,1
,
1527706204,1
,
1527706205,1
,
1527706206,2
,
1527706207,1
,
1527706208,1
,
1527706209,1
,
1527706210,1
,
1527706211,2
,
1527706212,2
,
1527706213,1
,
1527706214,1
,
1527706215,1
,
1527706216,2
,
1527706217,2
,
1527706218,2
,
1527706219,2
,
1527706220,1
,
1527706221,1
,
1527706222,1
,
1527706223,1
,
1527706224,2
,
1527706225,2
,
1527706226,1
,
1527706227,2
,
1527706228,2
,
1527706229,1
,
1527706230,2
,
1527706231,1
,
1527706232,2
,
1527706233,1
,
1527706234,2
,
1527706235,1
,
1527706236,2
,
1527706237,2
,
1527706238,2
,
1527706239,2
,
1527706240,1
,
1527706241,1
,
1527706242,2
,
1527706243,1
,
1527706244,2
,
1527706245,2
,
1527706246,1
,
1527706247,1
,
1527706248,1
,
1527706249,2
,
1527706250,1
,
1527706251,2
,
1527706252,2
,
1527706253,2
,
1527706254,1
,
1527706255,1
,
1527706256,1
,
1527706257,1
,
1527706258,1
,
1527706259,2
,
1527706260,2
,
1527706261,1
,
1527706262,2
,
1527706263,2
,
1527706264,2
,
1527706265,2
,
1527706266,1
,
1527706267,2
,
1527706268,1
,
1527706269,2
,
1527706270,2
,
1527706271,2
,
1527706272,2
,
1527706273,1
,
1527706274,1
,
1527706275,1
,
1527706276,2
,
1527706277,3
,
1527706278,2
,
1527706279,2
,
1527706280,1
,
1527706281,2
,
1527706282,2
,
1527706283,2
,
1527706284,2
,
1527706285,1
,
1527706286,2
,
1527706287,2
,
1527706288,1
,
1527706289,2
,
1527706290,2
,
1527706291,2
,
1527706292,2
,
1527706293,1
,
1527706294,2
,
1527706295,2
,
1527706296,1
,
1527706297,2
,
1527706298,1
,
1527706299,2
,
1527706300,1
,
1527706301,2
,
1527706302,2
,
1527706303,2
,
1527706304,2
,
1527706305,1
,
1527706306,2
,
1527706307,1
,
1527706308,1
,
1527706309,2
,
1527706310,2
,
1527706311,2
,
1527706312,1
,
1527706313,1
,
1527706314,2
,
1527706315,2
,
1527706316,2
,
1527706317,2
,
1527706318,2
,
1527706319,1
,
1527706320,2
,
1527706321,2
,
1527706322,1
,
1527706323,1
,
1527706324,2
,
1527706325,2
,
1527706326,1
,
1527706327,1
,
1527706328,1
,
1527706329,2
,
1527706330,1
,
1527706331,2
,
1527706332,2
,
1527706333,2
,
1527706334,2
,
1527706335,1
,
1527706336,1
,
1527706337,2
,
1527706338,1
,
1527706339,2
,
1527706340,2
,
1527706341,2
,
1527706342,2
,
1527706343,1
,
1527706344,1
,
1527706345,1
,
1527706346,1
,
1527706347,2
,
1527706348,2
,
1527706349,2
,
1527706350,1
,
1527706351,2
,
1527706352,1
,
1527706353,2
,
1527706354,1
,
1527706355,2
,
1527706356,2
,
1527706357,2
,
1527706358,2
,
1527706359,2
,
1527706360,1
,
1527706361,2
,
1527706362,1
,
1527706363,1
,
1527706364,2
,
1527706365,2
,
1527706366,2
,
1527706367,1
,
1527706368,2
,
1527706369,1
,
1527706370,1
,
1527706371,2
,
1527706372,2
,
1527706373,2
,
1527706374,1
,
1527706375,1
,
1527706376,2
,
1527706377,1
,
1527706378,2
,
1527706379,1
,
1527706380,2
,
1527706381,2
,
1527706382,2
,
1527706383,1
,
1527706384,1
,
1527706385,2
,
1527706386,1
,
1527706387,1
,
1527706388,1
,
1527706389,2
,
1527706390,2
,
1527706391,7
,
1527706392,15
,
1527706393,1
,
1527706394,2
,
1527706395,2
,
1527706396,1
,
1527706397,2
,
1527706398,12
,
1527706399,2
,
1527706400,1
,
1527706401,2
,
1527706402,2
,
1527706403,2
,
1527706404,2
,
1527706405,1
,
1527706406,1
,
1527706407,2
,
1527706408,1
,
1527706409,2
,
1527706410,2
,
1527706411,2
,
1527706412,2
,
1527706413,2
,
1527706414,1
,
1527706415,1
,
1527706416,2
,
1527706417,2
,
1527706418,2
,
1527706419,2
,
1527706420,2
,
1527706421,2
,
1527706422,2
,
1527706423,1
,
1527706424,2
,
1527706426,2
,
1527706427,2
,
1527706428,2
,
1527706429,2
,
1527706430,1
,
1527706431,2
,
1527706432,3
,
1527706433,1
,
1527706434,1
,
1527706435,2
,
1527706436,2
,
1527706437,1
,
1527706438,2
,
1527706439,2
,
1527706440,2
,
1527706441,2
,
1527706442,2
,
1527706443,2
,
1527706444,1
,
1527706445,2
,
1527706446,2
,
1527706447,2
,
1527706448,2
,
1527706449,1
,
1527706450,1
,
1527706451,2
,
1527706452,1
,
1527706453,2
,
1527706454,2
,
1527706455,2
,
1527706456,2
,
1527706457,2
,
1527706458,2
,
1527706459,2
,
1527706460,2
,
1527706461,2
,
1527706462,1
,
1527706463,1
,
1527706464,2
,
1527706465,2
,
1527706466,2
,
1527706467,2
,
1527706468,2
,
1527706469,2
,
1527706470,2
,
1527706471,2
,
1527706472,2
,
1527706473,2
,
1527706474,2
,
1527706475,2
,
1527706476,2
,
1527706477,2
,
1527706478,2
,
1527706479,2
,
1527706480,2
,
1527706481,2
,
1527706482,2
,
1527706483,2
,
1527706484,1
,
1527706485,2
,
1527706486,2
,
1527706487,2
,
1527706488,1
,
1527706489,2
,
1527706490,1
,
1527706491,2
,
1527706492,2
,
1527706493,2
,
1527706494,2
,
1527706495,2
,
1527706496,2
,
1527706497,2
,
1527706498,1
,
1527706499,1
,
1527706500,1
,
1527706501,2
,
1527706502,2
,
1527706503,2
,
1527706504,2
,
1527706505,1
,
1527706506,2
,
1527706507,2
,
1527706508,2
,
1527706509,2
,
1527706510,2
,
1527706511,2
,
1527706512,1
,
1527706513,2
,
1527706514,1
,
1527706515,2
,
1527706516,1
,
1527706517,2
,
1527706518,1
,
1527706519,2
,
1527706520,2
,
1527706521,1
,
1527706522,1
,
1527706523,2
,
1527706524,1
,
1527706525,1
,
1527706526,2
,
1527706527,2
,
1527706528,1
,
1527706529,2
,
1527706530,2
,
1527706531,2
,
1527706532,2
,
1527706533,1
,
1527706534,1
,
1527706535,1
,
1527706536,1
,
1527706537,2
,
1527706538,1
,
1527706539,2
,
1527706540,2
,
1527706541,1
,
1527706542,2
,
1527706543,2
,
1527706544,2
,
1527706545,2
,
1527706546,2
,
1527706547,1
,
1527706548,2
,
1527706549,1
,
1527706550,2
,
1527706551,2
,
1527706552,1
,
1527706553,2
,
1527706554,1
,
1527706555,2
,
1527706556,2
,
1527706557,2
,
1527706558,3
,
1527706559,2
,
1527706560,2
,
1527706561,2
,
1527706562,1
,
1527706563,2
,
1527706564,2
,
1527706565,2
,
1527706566,1
,
1527706567,2
,
1527706568,1
,
1527706569,2
,
1527706570,2
,
1527706571,2
,
1527706572,2
,
1527706573,1
,
1527706574,2
,
1527706575,2
,
1527706576,2
,
1527706577,2
,
1527706578,1
,
1527706579,2
,
1527706580,2
,
1527706581,1
,
1527706582,1
,
1527706583,1
,
1527706584,2
,
1527706585,1
,
1527706586,2
,
1527706587,2
,
1527706588,2
,
1527706589,1
,
1527706590,2
,
1527706591,2
,
1527706592,1
,
1527706593,1
,
1527706594,1
,
1527706595,1
,
1527706596,1
,
1527706597,3
,
1527706598,2
,
1527706599,1
,
1527706600,2
,
1527706601,2
,
1527706602,2
,
1527706603,2
,
1527706604,1
,
1527706605,2
,
1527706606,1
,
1527706607,2
,
1527706608,2
,
1527706609,2
,
1527706610,1
,
1527706611,2
,
1527706612,1
,
1527706613,1
,
1527706614,2
,
1527706615,1
,
1527706616,1
,
1527706617,2
,
1527706618,1
,
1527706619,1
,
1527706620,1
,
1527706621,1
,
1527706622,1
,
1527706623,2
,
1527706624,1
,
1527706625,2
,
1527706626,2
,
1527706627,2
,
1527706628,1
,
1527706629,2
,
1527706630,2
,
1527706631,1
,
1527706632,2
,
1527706633,1
,
1527706634,2
,
1527706635,2
,
1527706636,1
,
1527706637,2
,
1527706638,2
,
1527706639,1
,
1527706640,1
,
1527706641,1
,
1527706642,2
,
1527706643,2
,
1527706644,1
,
1527706645,1
,
1527706646,2
,
1527706647,2
,
1527706648,1
,
1527706649,2
,
1527706650,1
,
1527706651,1
,
1527706652,1
,
1527706653,2
,
1527706655,2
,
1527706656,1
,
1527706657,2
,
1527706658,2
,
1527706659,2
,
1527706660,1
,
1527706661,1
,
1527706662,1
,
1527706663,2
,
1527706664,2
,
1527706665,1
,
1527706666,1
,
1527706667,2
,
1527706668,2
,
1527706669,1
,
1527706670,2
,
1527706671,1
,
1527706672,1
,
1527706673,1
,
1527706674,2
,
1527706675,1
,
1527706676,1
,
1527706677,1
,
1527706678,2
,
1527706679,1
,
1527706680,1
,
1527706681,1
,
1527706682,1
,
1527706683,2
,
1527706684,1
,
1527706685,1
,
1527706686,1
,
1527706687,2
,
1527706688,2
,
1527706689,1
,
1527706690,1
,
1527706691,2
,
1527706692,1
,
1527706693,2
,
1527706694,1
,
1527706695,1
,
1527706696,2
,
1527706697,1
,
1527706698,2
,
1527706699,1
,
1527706700,2
,
1527706701,1
,
1527706702,2
,
1527706703,2
,
1527706704,2
,
1527706705,2
,
1527706706,2
,
1527706707,2
,
1527706708,1
,
1527706709,2
,
1527706710,2
,
1527706711,1
,
1527706712,2
,
1527706713,2
,
1527706714,1
,
1527706715,2
,
1527706716,1
,
1527706717,1
,
1527706718,1
,
1527706719,2
,
1527706720,2
,
1527706721,2
,
1527706722,1
,
1527706723,2
,
1527706724,1
,
1527706725,1
,
1527706726,1
,
1527706727,2
,
1527706728,2
,
1527706729,2
,
1527706730,2
,
1527706731,2
,
1527706732,1
,
1527706733,2
,
1527706734,1
,
1527706735,1
,
1527706736,1
,
1527706737,1
,
1527706738,1
,
1527706739,1
,
1527706740,1
,
1527706741,1
,
1527706742,2
,
1527706743,1
,
1527706744,1
,
1527706745,1
,
1527706746,1
,
1527706747,2
,
1527706748,1
,
1527706749,2
,
1527706750,1
,
1527706751,2
,
1527706752,2
,
1527706753,2
,
1527706754,2
,
1527706755,2
,
1527706756,2
,
1527706757,2
,
1527706758,1
,
1527706759,2
,
1527706760,2
,
1527706761,2
,
1527706762,1
,
1527706763,2
,
1527706764,2
,
1527706765,2
,
1527706766,2
,
1527706767,1
,
1527706768,1
,
1527706769,2
,
1527706770,2
,
1527706771,2
,
1527706772,1
,
1527706773,1
,
1527706774,1
,
1527706775,2
,
1527706776,2
,
1527706777,1
,
1527706778,2
,
1527706779,2
,
1527706780,2
,
1527706781,2
,
1527706782,2
,
1527706783,2
,
1527706784,1
,
1527706785,2
,
1527706786,1
,
1527706787,2
,
1527706788,1
,
1527706789,2
,
1527706790,1
,
1527706791,2
,
1527706792,1
,
1527706793,2
,
1527706794,2
,
1527706795,2
,
1527706796,1
,
1527706797,2
,
1527706798,2
,
1527706799,1
,
1527706800,2
,
1527706801,2
,
1527706802,2
,
1527706803,2
,
1527706804,2
,
1527706805,1
,
1527706806,2
,
1527706807,2
,
1527706808,2
,
1527706809,2
,
1527706810,2
,
1527706811,1
,
1527706812,2
,
1527706813,2
,
1527706814,1
,
1527706815,1
,
1527706816,2
,
1527706817,2
,
1527706818,1
,
1527706819,2
,
1527706820,2
,
1527706821,2
,
1527706822,1
,
1527706823,2
,
1527706824,1
,
1527706825,2
,
1527706826,1
,
1527706827,2
,
1527706828,1
,
1527706829,2
,
1527706830,2
,
1527706831,2
,
1527706832,2
,
1527706833,2
,
1527706834,2
,
1527706835,2
,
1527706836,2
,
1527706837,2
,
1527706838,1
,
1527706839,2
,
1527706840,2
,
1527706841,1
,
1527706842,1
,
1527706843,2
,
1527706844,2
,
1527706845,2
,
1527706846,2
,
1527706847,2
,
1527706848,2
,
1527706849,2
,
1527706850,2
,
1527706851,2
,
1527706852,2
,
1527706853,2
,
1527706854,1
,
1527706855,2
,
1527706856,1
,
1527706857,2
,
1527706858,1
,
1527706859,2
,
1527706860,2
,
1527706861,2
,
1527706862,2
,
1527706863,2
,
1527706864,2
,
1527706865,1
,
1527706866,2
,
1527706867,2
,
1527706868,2
,
1527706869,1
,
1527706870,1
,
1527706871,1
,
1527706872,1
,
1527706873,1
,
1527706874,2
,
1527706875,1
,
1527706876,1
,
1527706877,2
,
1527706878,2
,
1527706879,2
,
1527706880,2
,
1527706881,1
,
1527706882,2
,
1527706883,2
,
1527706884,2
,
1527706885,2
,
1527706886,2
,
1527706887,2
,
1527706888,2
,
1527706889,1
,
1527706890,2
,
1527706891,2
,
1527706892,2
,
1527706893,2
,
1527706894,2
,
1527706895,2
,
1527706896,2
,
1527706897,2
,
1527706899,2
,
1527706900,1
,
1527706901,2
,
1527706902,2
,
1527706903,2
,
1527706904,2
,
1527706905,1
,
1527706906,2
,
1527706907,2
,
1527706908,1
,
1527706909,2
,
1527706910,2
,
1527706911,2
,
1527706912,1
,
1527706913,1
,
1527706914,1
,
1527706915,2
,
1527706916,2
,
1527706917,2
,
1527706918,1
,
1527706919,1
,
1527706920,2
,
1527706921,1
,
1527706922,2
,
1527706923,1
,
1527706924,6
,
1527706925,2
,
1527706926,2
,
1527706927,1
,
1527706928,2
,
1527706929,2
,
1527706930,1
,
1527706931,2
,
1527706932,2
,
1527706933,2
,
1527706934,2
,
1527706935,2
,
1527706936,1
,
1527706937,2
,
1527706938,2
,
1527706939,1
,
1527706940,1
,
1527706941,2
,
1527706942,2
,
1527706943,1
,
1527706944,2
,
1527706945,1
,
1527706946,1
,
1527706947,2
,
1527706948,1
,
1527706949,2
,
1527706950,2
,
1527706951,1
,
1527706952,2
,
1527706953,1
,
1527706954,2
,
1527706955,1
,
1527706956,1
,
1527706957,1
,
1527706958,2
,
1527706959,2
,
1527706960,2
,
1527706961,2
,
1527706962,1
,
1527706963,2
,
1527706964,2
,
1527706965,2
,
1527706966,2
,
1527706967,2
,
1527706968,1
,
1527706969,1
,
1527706970,2
,
1527706971,1
,
1527706972,1
,
1527706973,2
,
1527706974,2
,
1527706975,1
,
1527706976,2
,
1527706977,2
,
1527706978,1
,
1527706979,2
,
1527706980,2
,
1527706981,2
,
1527706982,2
,
1527706983,1
,
1527706984,2
,
1527706985,2
,
1527706986,2
,
1527706987,1
,
1527706988,2
,
1527706989,2
,
1527706990,2
,
1527706991,2
,
1527706992,2
,
1527706993,2
,
1527706994,1
,
1527706995,2
,
1527706996,1
,
1527706997,2
,
1527706998,2
,
1527706999,2
,
1527707000,2
,
1527707001,1
,
1527707002,2
,
1527707003,2
,
1527707004,2
,
1527707005,2
,
1527707006,1
,
1527707007,2
,
1527707008,2
,
1527707009,2
,
1527707010,1
,
1527707011,2
,
1527707012,2
,
1527707013,2
,
1527707014,1
,
1527707015,1
,
1527707016,1
,
1527707017,1
,
1527707018,1
,
1527707019,2
,
1527707020,2
,
1527707021,1
,
1527707022,2
,
1527707023,2
,
1527707024,1
,
1527707025,2
,
1527707026,2
,
1527707027,2
,
1527707028,2
,
1527707029,1
,
1527707030,2
,
1527707031,2
,
1527707032,2
,
1527707033,2
,
1527707034,2
,
1527707035,2
,
1527707036,2
,
1527707037,2
,
1527707038,2
,
1527707039,1
,
1527707040,2
,
1527707041,1
,
1527707042,2
,
1527707043,2
,
1527707044,2
,
1527707045,1
,
1527707046,2
,
1527707047,2
,
1527707048,1
,
1527707049,1
,
1527707050,1
,
1527707051,2
,
1527707052,2
,
1527707053,2
,
1527707054,2
,
1527707055,2
,
1527707056,2
,
1527707057,2
,
1527707058,2
,
1527707059,2
,
1527707060,2
,
1527707061,2
,
1527707062,2
,
1527707063,2
,
1527707064,2
,
1527707065,1
,
1527707066,2
,
1527707067,2
,
1527707068,2
,
1527707069,1
,
1527707070,2
,
1527707071,1
,
1527707072,2
,
1527707073,2
,
1527707074,1
,
1527707075,1
,
1527707076,1
,
1527707077,2
,
1527707078,2
,
1527707079,2
,
1527707080,1
,
1527707081,2
,
1527707082,2
,
1527707083,2
,
1527707084,2
,
1527707085,2
,
1527707086,1
,
1527707087,2
,
1527707088,2
,
1527707089,1
,
1527707090,2
,
1527707091,2
,
1527707092,2
,
1527707093,1
,
1527707094,2
,
1527707095,2
,
1527707096,2
,
1527707097,1
,
1527707098,2
,
1527707099,2
,
1527707100,1
,
1527707101,2
,
1527707102,2
,
1527707103,1
,
1527707104,2
,
1527707105,1
,
1527707106,2
,
1527707107,2
,
1527707108,2
,
1527707109,1
,
1527707110,2
,
1527707111,2
,
1527707112,2
,
1527707113,2
,
1527707114,2
,
1527707115,1
,
1527707116,1
,
1527707117,1
,
1527707118,2
,
1527707119,2
,
1527707120,2
,
1527707121,2
,
1527707122,2
,
1527707123,1
,
1527707124,2
,
1527707125,1
,
1527707126,2
,
1527707127,2
,
1527707128,2
,
1527707129,2
,
1527707130,2
,
1527707131,1
,
1527707133,2
,
1527707134,1
,
1527707135,2
,
1527707136,2
,
1527707137,2
,
1527707138,2
,
1527707139,2
,
1527707140,2
,
1527707141,2
,
1527707142,2
,
1527707143,2
,
1527707144,2
,
1527707145,2
,
1527707146,2
,
1527707147,1
,
1527707148,1
,
1527707149,1
,
1527707150,2
,
1527707151,2
,
1527707152,2
,
1527707153,2
,
1527707154,1
,
1527707155,2
,
1527707156,2
,
1527707157,2
,
1527707158,1
,
1527707159,1
,
1527707160,2
,
1527707161,2
,
1527707162,2
,
1527707163,2
,
1527707164,2
,
1527707165,2
,
1527707166,2
,
1527707167,2
,
1527707168,2
,
1527707169,2
,
1527707170,1
,
1527707171,2
,
1527707172,2
,
1527707173,2
,
1527707174,2
,
1527707175,2
,
1527707176,2
,
1527707177,2
,
1527707178,2
,
1527707179,2
,
1527707180,2
,
1527707181,2
,
1527707182,2
,
1527707183,1
,
1527707184,2
,
1527707185,2
,
1527707186,1
,
1527707187,2
,
1527707188,1
,
1527707189,2
,
1527707190,2
,
1527707191,2
,
1527707192,2
,
1527707193,2
,
1527707194,2
,
1527707195,2
,
1527707196,2
,
1527707197,1
,
1527707198,2
,
1527707199,2
,
1527707200,2
,
1527707201,2
,
1527707202,1
,
1527707203,2
,
1527707204,2
,
1527707205,2
,
1527707206,2
,
1527707207,2
,
1527707208,2
,
1527707209,1
,
1527707210,2
,
1527707211,1
,
1527707212,2
,
1527707213,2
,
1527707214,2
,
1527707215,1
,
1527707216,2
,
1527707217,2
,
1527707218,1
,
1527707219,1
,
1527707220,2
,
1527707221,1
,
1527707222,1
,
1527707223,1
,
1527707224,1
,
1527707225,1
,
1527707226,2
,
1527707227,1
,
1527707228,1
,
1527707229,2
,
1527707230,2
,
1527707231,2
,
1527707232,2
,
1527707233,1
,
1527707234,1
,
1527707235,2
,
1527707236,2
,
1527707237,2
,
1527707238,2
,
1527707239,1
,
1527707240,2
,
1527707241,2
,
1527707242,1
,
1527707243,1
,
1527707244,1
,
1527707245,1
,
1527707246,1
,
1527707247,1
,
1527707248,1
,
1527707249,1
,
1527707250,2
,
1527707251,2
,
1527707252,2
,
1527707253,2
,
1527707254,2
,
1527707255,2
,
1527707256,2
,
1527707257,1
,
1527707258,1
,
1527707259,1
,
1527707260,1
,
1527707261,2
,
1527707262,2
,
1527707263,1
,
1527707264,2
,
1527707265,2
,
1527707266,1
,
1527707267,1
,
1527707268,2
,
1527707269,2
,
1527707270,1
,
1527707271,1
,
1527707272,1
,
1527707273,2
,
1527707274,1
,
1527707275,2
,
1527707276,2
,
1527707277,2
,
1527707278,2
,
1527707279,2
,
1527707280,2
,
1527707281,1
,
1527707282,1
,
1527707283,1
,
1527707284,2
,
1527707285,1
,
1527707286,2
,
1527707287,2
,
1527707288,2
,
1527707289,1
,
1527707290,1
,
1527707291,1
,
1527707292,1
,
1527707293,1
,
1527707294,1
,
1527707295,1
,
1527707296,1
,
1527707297,2
,
1527707298,2
,
1527707299,2
,
1527707300,1
,
1527707301,2
,
1527707302,2
,
1527707303,2
,
1527707304,1
,
1527707305,1
,
1527707306,2
,
1527707307,2
,
1527707308,2
,
1527707309,2
,
1527707310,1
,
1527707311,2
,
1527707312,2
,
1527707313,1
,
1527707314,2
,
1527707315,2
,
1527707316,1
,
1527707317,1
,
1527707318,2
,
1527707319,2
,
1527707320,2
,
1527707321,2
,
1527707322,2
,
1527707323,1
,
1527707324,2
,
1527707325,2
,
1527707326,2
,
1527707327,1
,
1527707328,2
,
1527707329,1
,
1527707330,1
,
1527707331,2
,
1527707332,2
,
1527707333,2
,
1527707334,2
,
1527707335,1
,
1527707336,2
,
1527707337,2
,
1527707338,2
,
1527707339,2
,
1527707340,1
,
1527707341,2
,
1527707342,2
,
1527707343,2
,
1527707345,2
,
1527707346,1
,
1527707347,2
,
1527707348,2
,
1527707349,2
,
1527707350,1
,
1527707351,1
,
1527707352,1
,
1527707353,2
,
1527707354,2
,
1527707355,2
,
1527707356,2
,
1527707357,1
,
1527707358,2
,
1527707359,2
,
1527707360,2
,
1527707361,1
,
1527707362,2
,
1527707363,2
,
1527707364,2
,
1527707365,1
,
1527707366,2
,
1527707367,2
,
1527707368,1
,
1527707369,1
,
1527707370,2
,
1527707371,1
,
1527707372,1
,
1527707373,2
,
1527707374,2
,
1527707375,1
,
1527707376,2
,
1527707377,2
,
1527707378,1
,
1527707379,1
,
1527707380,2
,
1527707381,2
,
1527707382,2
,
1527707383,1
,
1527707384,2
,
1527707385,2
,
1527707386,2
,
1527707387,2
,
1527707388,2
,
1527707389,2
,
1527707390,2
,
1527707391,2
,
1527707392,2
,
1527707393,2
,
1527707394,2
,
1527707395,2
,
1527707396,2
,
1527707397,2
,
1527707398,2
,
1527707399,2
,
1527707400,2
,
1527707401,2
,
1527707402,1
,
1527707403,2
,
1527707404,2
,
1527707405,1
,
1527707406,2
,
1527707407,2
,
1527707408,2
,
1527707409,2
,
1527707410,2
,
1527707411,2
,
1527707412,2
,
1527707413,2
,
1527707414,1
,
1527707415,2
,
1527707416,1
,
1527707417,2
,
1527707418,1
,
1527707419,2
,
1527707420,2
,
1527707421,2
,
1527707422,2
,
1527707423,2
,
1527707424,1
,
1527707425,2
,
1527707426,1
,
1527707427,2
,
1527707428,1
,
1527707429,2
,
1527707430,2
,
1527707431,2
,
1527707432,2
,
1527707433,1
,
1527707434,2
,
1527707435,2
,
1527707436,2
,
1527707437,2
,
1527707438,2
,
1527707439,2
,
1527707440,2
,
1527707441,2
,
1527707442,2
,
1527707443,2
,
1527707444,2
,
1527707445,2
,
1527707446,2
,
1527707447,2
,
1527707448,1
,
1527707449,1
,
1527707450,1
,
1527707451,1
,
1527707452,2
,
1527707453,1
,
1527707454,1
,
1527707455,2
,
1527707456,1
,
1527707457,2
,
1527707458,1
,
1527707459,2
,
1527707460,1
,
1527707461,1
,
1527707462,2
,
1527707463,2
,
1527707464,1
,
1527707465,2
,
1527707466,2
,
1527707467,2
,
1527707468,1
,
1527707469,1
,
1527707470,2
,
1527707471,2
,
1527707472,2
,
1527707473,2
,
1527707474,1
,
1527707475,1
,
1527707476,1
,
1527707477,2
,
1527707478,2
,
1527707479,2
,
1527707480,2
,
1527707481,1
,
1527707482,2
,
1527707483,1
,
1527707484,2
,
1527707485,2
,
1527707486,1
,
1527707487,2
,
1527707488,1
,
1527707489,2
,
1527707490,1
,
1527707491,1
,
1527707492,1
,
1527707493,2
,
1527707494,1
,
1527707495,2
,
1527707496,2
,
1527707497,2
,
1527707498,2
,
1527707499,6
,
1527707500,15
,
1527707501,19
,
1527707502,2
,
1527707503,2
,
1527707504,1
,
1527707505,2
,
1527707506,1
,
1527707507,2
,
1527707508,1
,
1527707509,2
,
1527707510,2
,
1527707511,2
,
1527707512,2
,
1527707513,1
,
1527707514,2
,
1527707515,42
,
1527707516,37
,
1527707517,39
,
1527707518,41
,
1527707519,2
,
1527707520,1
,
1527707521,1
,
1527707522,1
,
1527707523,2
,
1527707524,2
,
1527707525,2
,
1527707526,2
,
1527707527,2
,
1527707528,2
,
1527707529,2
,
1527707530,1
,
1527707531,2
,
1527707532,2
,
1527707533,1
,
1527707534,2
,
1527707535,2
,
1527707536,2
,
1527707537,2
,
1527707538,2
,
1527707539,2
,
1527707540,1
,
1527707541,1
,
1527707542,2
,
1527707543,1
,
1527707544,2
,
1527707545,1
,
1527707546,2
,
1527707547,2
,
1527707548,2
,
1527707549,2
,
1527707550,2
,
1527707551,2
,
1527707552,2
,
1527707553,2
,
1527707554,2
,
1527707555,2
,
1527707556,2
,
1527707557,2
,
1527707558,2
,
1527707559,2
,
1527707560,2
,
1527707561,1
,
1527707562,2
,
1527707563,2
,
1527707564,1
,
1527707565,2
,
1527707566,1
,
1527707567,2
,
1527707568,2
,
1527707569,1
,
1527707570,2
,
1527707571,1
,
1527707572,1
,
1527707573,2
,
1527707574,1
,
1527707575,2
,
1527707576,2
,
1527707577,2
,
1527707578,2
,
1527707579,1
,
1527707580,1
,
1527707581,1
,
1527707582,1
,
1527707583,1
,
1527707584,1
,
1527707585,1
,
1527707586,2
,
1527707587,2
,
1527707588,2
,
1527707589,1
,
1527707590,1
,
1527707591,2
,
1527707592,2
,
1527707593,1
,
1527707595,2
,
1527707596,1
,
1527707597,1
,
1527707598,1
,
1527707599,2
,
1527707600,2
,
1527707601,1
,
1527707602,2
,
1527707603,1
,
1527707604,2
,
1527707605,2
,
1527707606,2
,
1527707607,2
,
1527707608,1
,
1527707609,2
,
1527707610,2
,
1527707611,1
,
1527707612,2
,
1527707613,2
,
1527707614,1
,
1527707615,2
,
1527707616,2
,
1527707617,2
,
1527707618,4
,
1527707619,2
,
1527707620,1
,
1527707621,1
,
1527707622,2
,
1527707623,2
,
1527707624,2
,
1527707625,2
,
1527707626,2
,
1527707627,2
,
1527707628,2
,
1527707629,2
,
1527707630,2
,
1527707631,1
,
1527707632,1
,
1527707633,1
,
1527707634,1
,
1527707635,2
,
1527707636,2
,
1527707637,2
,
1527707638,2
,
1527707639,1
,
1527707640,1
,
1527707641,1
,
1527707642,1
,
1527707643,2
,
1527707644,2
,
1527707645,2
,
1527707646,1
,
1527707647,2
,
1527707648,2
,
1527707649,2
,
1527707650,1
,
1527707651,2
,
1527707652,2
,
1527707653,2
,
1527707654,2
,
1527707655,2
,
1527707656,2
,
1527707657,2
,
1527707658,1
,
1527707659,2
,
1527707660,2
,
1527707661,2
,
1527707662,2
,
1527707663,1
,
1527707664,2
,
1527707665,1
,
1527707666,1
,
1527707667,2
,
1527707668,1
,
1527707669,1
,
1527707670,2
,
1527707671,1
,
1527707672,1
,
1527707673,2
,
1527707674,2
,
1527707675,2
,
1527707676,2
,
1527707677,2
,
1527707678,2
,
1527707679,1
,
1527707680,1
,
1527707681,2
,
1527707682,2
,
1527707683,2
,
1527707684,2
,
1527707685,2
,
1527707686,1
,
1527707687,2
,
1527707688,2
,
1527707689,1
,
1527707690,2
,
1527707691,2
,
1527707692,2
,
1527707693,1
,
1527707694,2
,
1527707695,1
,
1527707696,2
,
1527707697,1
,
1527707698,2
,
1527707699,1
,
1527707700,1
,
1527707701,1
,
1527707702,1
,
1527707703,2
,
1527707704,2
,
1527707705,2
,
1527707706,1
,
1527707707,2
,
1527707708,1
,
1527707709,2
,
1527707710,2
,
1527707711,2
,
1527707712,2
,
1527707713,2
,
1527707714,2
,
1527707715,2
,
1527707716,2
,
1527707717,2
,
1527707718,2
,
1527707719,2
,
1527707720,1
,
1527707721,2
,
1527707722,2
,
1527707723,2
,
1527707724,2
,
1527707725,1
,
1527707726,2
,
1527707727,2
,
1527707728,2
,
1527707729,2
,
1527707730,1
,
1527707731,1
,
1527707732,2
,
1527707733,1
,
1527707734,2
,
1527707735,2
,
1527707736,2
,
1527707737,2
,
1527707738,2
,
1527707739,1
,
1527707740,2
,
1527707741,2
,
1527707742,1
,
1527707743,2
,
1527707744,2
,
1527707745,1
,
1527707746,1
,
1527707747,2
,
1527707748,1
,
1527707749,2
,
1527707750,2
,
1527707751,2
,
1527707752,2
,
1527707753,1
,
1527707754,1
,
1527707755,2
,
1527707756,2
,
1527707757,1
,
1527707758,1
,
1527707759,2
,
1527707760,1
,
1527707761,2
,
1527707762,1
,
1527707763,2
,
1527707764,2
,
1527707765,1
,
1527707766,2
,
1527707767,2
,
1527707768,2
,
1527707769,2
,
1527707770,2
,
1527707771,1
,
1527707772,2
,
1527707773,2
,
1527707774,2
,
1527707775,2
,
1527707776,2
,
1527707777,2
,
1527707778,2
,
1527707779,2
,
1527707780,1
,
1527707781,2
,
1527707782,2
,
1527707783,1
,
1527707784,2
,
1527707785,2
,
1527707786,2
,
1527707787,2
,
1527707788,2
,
1527707789,2
,
1527707790,2
,
1527707791,2
,
1527707792,1
,
1527707793,1
,
1527707794,1
,
1527707795,2
,
1527707796,1
,
1527707797,2
,
1527707798,2
,
1527707799,1
,
1527707800,2
,
1527707801,1
,
1527707802,2
,
1527707803,2
,
1527707804,2
,
1527707805,2
,
1527707806,1
,
1527707807,2
,
1527707808,1
,
1527707809,2
,
1527707810,1
,
1527707811,2
,
1527707812,2
,
1527707813,2
,
1527707814,2
,
1527707815,2
,
1527707816,2
,
1527707817,2
,
1527707819,2
,
1527707820,2
,
1527707821,2
,
1527707822,2
,
1527707823,2
,
1527707824,2
,
1527707825,2
,
1527707826,2
,
1527707827,2
,
1527707828,2
,
1527707829,2
,
1527707830,2
,
1527707831,1
,
1527707832,2
,
1527707833,2
,
1527707834,4
,
1527707835,2
,
1527707836,2
,
1527707837,2
,
1527707838,1
,
1527707839,2
,
1527707840,2
,
1527707841,2
,
1527707842,2
,
1527707843,1
,
1527707844,1
,
1527707845,2
,
1527707846,2
,
1527707847,2
,
1527707848,2
,
1527707849,1
,
1527707850,2
,
1527707851,2
,
1527707852,1
,
1527707853,2
,
1527707854,2
,
1527707855,1
,
1527707856,2
,
1527707857,2
,
1527707858,1
,
1527707859,1
,
1527707860,2
,
1527707861,1
,
1527707862,2
,
1527707863,2
,
1527707864,2
,
1527707865,2
,
1527707866,2
,
1527707867,2
,
1527707868,2
,
1527707869,1
,
1527707870,2
,
1527707871,2
,
1527707872,2
,
1527707873,2
,
1527707874,1
,
1527707875,2
,
1527707876,1
,
1527707877,2
,
1527707878,2
,
1527707879,2
,
1527707880,2
,
1527707881,2
,
1527707882,2
,
1527707883,2
,
1527707884,2
,
1527707885,2
,
1527707886,3
,
1527707887,2
,
1527707888,2
,
1527707889,1
,
1527707890,2
,
1527707891,2
,
1527707892,2
,
1527707893,1
,
1527707894,2
,
1527707895,2
,
1527707896,2
,
1527707897,2
,
1527707898,2
,
1527707899,2
,
1527707900,1
,
1527707901,2
,
1527707902,2
,
1527707903,2
,
1527707904,2
,
1527707905,2
,
1527707906,2
,
1527707907,1
,
1527707908,1
,
1527707909,2
,
1527707910,1
,
1527707911,1
,
1527707912,2
,
1527707913,1
,
1527707914,2
,
1527707915,2
,
1527707916,2
,
1527707917,20
,
1527707918,1
,
1527707919,1
,
1527707920,1
,
1527707921,1
,
1527707922,1
,
1527707923,2
,
1527707924,2
,
1527707925,1
,
1527707926,1
,
1527707927,2
,
1527707928,2
,
1527707929,2
,
1527707930,2
,
1527707931,2
,
1527707932,1
,
1527707933,2
,
1527707934,1
,
1527707935,2
,
1527707936,2
,
1527707937,2
,
1527707938,1
,
1527707939,2
,
1527707940,2
,
1527707941,1
,
1527707942,2
,
1527707943,2
,
1527707944,1
,
1527707945,1
,
1527707946,2
,
1527707947,1
,
1527707948,2
,
1527707949,2
,
1527707950,2
,
1527707951,2
,
1527707952,1
,
1527707953,2
,
1527707954,2
,
1527707955,2
,
1527707956,2
,
1527707957,2
,
1527707958,2
,
1527707959,2
,
1527707960,1
,
1527707961,1
,
1527707962,1
,
1527707963,2
,
1527707964,2
,
1527707965,1
,
1527707966,1
,
1527707967,2
,
1527707968,1
,
1527707969,2
,
1527707970,1
,
1527707971,2
,
1527707972,1
,
1527707973,2
,
1527707974,2
,
1527707975,1
,
1527707976,2
,
1527707977,1
,
1527707978,1
,
1527707979,2
,
1527707980,1
,
1527707981,2
,
1527707982,1
,
1527707983,1
,
1527707984,1
,
1527707985,1
,
1527707986,2
,
1527707987,1
,
1527707988,2
,
1527707989,1
,
1527707990,2
,
1527707991,2
,
1527707992,1
,
1527707993,2
,
1527707994,2
,
1527707995,1
,
1527707996,2
,
1527707997,2
,
1527707998,1
,
1527707999,1
,
1527708000,2
,
1527708001,2
,
1527708002,2
,
1527708003,1
,
1527708004,2
,
1527708005,1
,
1527708006,2
,
1527708007,2
,
1527708008,2
,
1527708009,2
,
1527708010,2
,
1527708011,1
,
1527708012,2
,
1527708013,4
,
1527708014,2
,
1527708015,2
,
1527708016,2
,
1527708017,2
,
1527708018,2
,
1527708019,1
,
1527708020,2
,
1527708021,2
,
1527708022,2
,
1527708023,2
,
1527708024,2
,
1527708025,1
,
1527708026,2
,
1527708027,2
,
1527708028,2
,
1527708029,2
,
1527708030,1
,
1527708031,2
,
1527708032,2
,
1527708033,1
,
1527708034,2
,
1527708035,2
,
1527708036,2
,
1527708037,2
,
1527708038,2
,
1527708039,2
,
1527708040,2
,
1527708041,2
,
1527708042,1
,
1527708043,2
,
1527708045,2
,
1527708046,2
,
1527708047,2
,
1527708048,2
,
1527708049,2
,
1527708050,2
,
1527708051,2
,
1527708052,1
,
1527708053,2
,
1527708054,1
,
1527708055,2
,
1527708056,2
,
1527708057,2
,
1527708058,1
,
1527708059,2
,
1527708060,2
,
1527708061,2
,
1527708062,1
,
1527708063,1
,
1527708064,1
,
1527708065,1
,
1527708066,1
,
1527708067,2
,
1527708068,2
,
1527708069,2
,
1527708070,2
,
1527708071,2
,
1527708072,1
,
1527708073,2
,
1527708074,2
,
1527708075,1
,
1527708076,2
,
1527708077,2
,
1527708078,2
,
1527708079,2
,
1527708080,2
,
1527708081,2
,
1527708082,2
,
1527708083,2
,
1527708084,2
,
1527708085,2
,
1527708086,1
,
1527708087,2
,
1527708088,2
,
1527708089,2
,
1527708090,2
,
1527708091,2
,
1527708092,2
,
1527708093,2
,
1527708094,2
,
1527708095,2
,
1527708096,2
,
1527708097,2
,
1527708098,2
,
1527708099,1
,
1527708100,1
,
1527708101,2
,
1527708102,2
,
1527708103,2
,
1527708104,3
,
1527708105,2
,
1527708106,2
,
1527708107,1
,
1527708108,1
,
1527708109,2
,
1527708110,2
,
1527708111,2
,
1527708112,2
,
1527708113,2
,
1527708114,1
,
1527708115,2
,
1527708116,2
,
1527708117,2
,
1527708118,1
,
1527708119,2
,
1527708120,2
,
1527708121,2
,
1527708122,2
,
1527708123,2
,
1527708124,2
,
1527708125,2
,
1527708126,2
,
1527708127,2
,
1527708128,2
,
1527708129,2
,
1527708130,1
,
1527708131,2
,
1527708132,2
,
1527708133,2
,
1527708134,1
,
1527708135,2
,
1527708136,2
,
1527708137,2
,
1527708138,1
,
1527708139,2
,
1527708140,2
,
1527708141,2
,
1527708142,2
,
1527708143,2
,
1527708144,2
,
1527708145,2
,
1527708146,1
,
1527708147,2
,
1527708148,2
,
1527708149,1
,
1527708150,1
,
1527708151,1
,
1527708152,1
,
1527708153,1
,
1527708154,2
,
1527708155,1
,
1527708156,1
,
1527708157,2
,
1527708158,1
,
1527708159,2
,
1527708160,2
,
1527708161,2
,
1527708162,2
,
1527708163,2
,
1527708164,2
,
1527708165,2
,
1527708166,2
,
1527708167,3
,
1527708168,2
,
1527708169,2
,
1527708170,2
,
1527708171,2
,
1527708172,2
,
1527708173,1
,
1527708174,2
,
1527708175,2
,
1527708176,2
,
1527708177,2
,
1527708178,2
,
1527708179,2
,
1527708180,2
,
1527708181,2
,
1527708182,1
,
1527708183,1
,
1527708184,2
,
1527708185,2
,
1527708186,2
,
1527708187,2
,
1527708188,2
,
1527708189,2
,
1527708190,1
,
1527708191,1
,
1527708192,2
,
1527708193,1
,
1527708194,2
,
1527708195,2
,
1527708196,2
,
1527708197,2
,
1527708198,1
,
1527708199,1
,
1527708200,2
,
1527708201,1
,
1527708202,2
,
1527708203,2
,
1527708204,1
,
1527708205,2
,
1527708206,2
,
1527708207,1
,
1527708208,1
,
1527708209,2
,
1527708210,2
,
1527708211,2
,
1527708212,2
,
1527708213,1
,
1527708214,2
,
1527708215,2
,
1527708216,2
,
1527708217,2
,
1527708218,1
,
1527708219,2
,
1527708220,2
,
1527708221,2
,
1527708222,2
,
1527708223,2
,
1527708224,2
,
1527708225,2
,
1527708226,2
,
1527708227,2
,
1527708228,2
,
1527708229,2
,
1527708230,2
,
1527708231,2
,
1527708232,2
,
1527708233,2
,
1527708234,2
,
1527708235,2
,
1527708236,1
,
1527708237,2
,
1527708238,2
,
1527708239,2
,
1527708240,2
,
1527708241,2
,
1527708242,1
,
1527708243,2
,
1527708244,2
,
1527708245,2
,
1527708246,2
,
1527708247,2
,
1527708248,2
,
1527708249,2
,
1527708250,2
,
1527708251,1
,
1527708252,2
,
1527708253,1
,
1527708254,4
,
1527708255,2
,
1527708256,2
,
1527708257,2
,
1527708258,3
,
1527708259,1
,
1527708260,2
,
1527708261,1
,
1527708262,2
,
1527708263,1
,
1527708264,1
,
1527708265,2
,
1527708266,2
,
1527708267,2
,
1527708268,2
,
1527708269,2
,
1527708270,3
,
1527708271,2
,
1527708272,2
,
1527708273,2
,
1527708274,2
,
1527708275,2
,
1527708276,2
,
1527708278,2
,
1527708279,2
,
1527708280,2
,
1527708281,1
,
1527708282,2
,
1527708283,2
,
1527708284,2
,
1527708285,2
,
1527708286,2
,
1527708287,2
,
1527708288,1
,
1527708289,2
,
1527708290,2
,
1527708291,2
,
1527708292,2
,
1527708293,2
,
1527708294,2
,
1527708295,1
,
1527708296,2
,
1527708297,2
,
1527708298,2
,
1527708299,2
,
1527708300,2
,
1527708301,2
,
1527708302,2
,
1527708303,2
,
1527708304,2
,
1527708305,2
,
1527708306,1
,
1527708307,2
,
1527708308,2
,
1527708309,1
,
1527708310,2
,
1527708311,2
,
1527708312,2
,
1527708313,2
,
1527708314,2
,
1527708315,2
,
1527708316,2
,
1527708317,1
,
1527708318,2
,
1527708319,2
,
1527708320,1
,
1527708321,2
,
1527708322,2
,
1527708323,2
,
1527708324,1
,
1527708325,2
,
1527708326,2
,
1527708327,2
,
1527708328,1
,
1527708329,2
,
1527708330,1
,
1527708331,2
,
1527708332,2
,
1527708333,2
,
1527708334,2
,
1527708335,1
,
1527708336,2
,
1527708337,2
,
1527708338,1
,
1527708339,1
,
1527708340,2
,
1527708341,2
,
1527708342,2
,
1527708343,2
,
1527708344,2
,
1527708345,2
,
1527708346,2
,
1527708347,1
,
1527708348,1
,
1527708349,2
,
1527708350,2
,
1527708351,2
,
1527708352,2
,
1527708353,1
,
1527708354,1
,
1527708355,1
,
1527708356,1
,
1527708357,2
,
1527708358,1
,
1527708359,2
,
1527708360,2
,
1527708361,2
,
1527708362,1
,
1527708363,1
,
1527708364,2
,
1527708365,2
,
1527708366,2
,
1527708367,2
,
1527708368,2
,
1527708369,2
,
1527708370,3
,
1527708371,2
,
1527708372,1
,
1527708373,2
,
1527708374,1
,
1527708375,2
,
1527708376,2
,
1527708377,1
,
1527708378,2
,
1527708379,2
,
1527708380,2
,
1527708381,2
,
1527708382,2
,
1527708383,1
,
1527708384,1
,
1527708385,2
,
1527708386,2
,
1527708387,2
,
1527708388,1
,
1527708389,1
,
1527708390,1
,
1527708391,2
,
1527708392,2
,
1527708393,1
,
1527708394,1
,
1527708395,1
,
1527708396,2
,
1527708397,2
,
1527708398,2
,
1527708399,2
,
1527708400,2
,
1527708401,1
,
1527708402,1
,
1527708403,1
,
1527708404,2
,
1527708405,2
,
1527708406,2
,
1527708407,2
,
1527708408,1
,
1527708409,1
,
1527708410,1
,
1527708411,2
,
1527708412,2
,
1527708413,1
,
1527708414,2
,
1527708415,2
,
1527708416,2
,
1527708417,2
,
1527708418,1
,
1527708419,2
,
1527708420,2
,
1527708421,1
,
1527708422,2
,
1527708423,1
,
1527708424,2
,
1527708425,2
,
1527708426,2
,
1527708427,1
,
1527708428,1
,
1527708429,2
,
1527708430,1
,
1527708431,1
,
1527708432,2
,
1527708433,2
,
1527708434,2
,
1527708435,2
,
1527708436,1
,
1527708437,2
,
1527708438,2
,
1527708439,2
,
1527708440,2
,
1527708441,2
,
1527708442,2
,
1527708443,2
,
1527708444,2
,
1527708445,2
,
1527708446,2
,
1527708447,2
,
1527708448,1
,
1527708449,1
,
1527708450,1
,
1527708451,1
,
1527708452,1
,
1527708453,2
,
1527708454,1
,
1527708455,2
,
1527708456,2
,
1527708457,2
,
1527708458,1
,
1527708459,1
,
1527708460,1
,
1527708461,2
,
1527708462,2
,
1527708463,2
,
1527708464,2
,
1527708465,1
,
1527708466,2
,
1527708467,2
,
1527708468,2
,
1527708469,2
,
1527708470,1
,
1527708471,1
,
1527708472,1
,
1527708473,2
,
1527708474,2
,
1527708475,2
,
1527708476,1
,
1527708477,2
,
1527708478,2
,
1527708479,1
,
1527708480,2
,
1527708481,1
,
1527708482,2
,
1527708483,2
,
1527708484,2
,
1527708485,1
,
1527708486,2
,
1527708487,1
,
1527708488,1
,
1527708489,2
,
1527708490,2
,
1527708491,2
,
1527708492,2
,
1527708493,1
,
1527708494,2
,
1527708495,2
,
1527708496,1
,
1527708497,2
,
1527708498,2
,
1527708499,2
,
1527708500,1
,
1527708501,2
,
1527708502,2
,
1527708503,2
,
1527708504,2
,
1527708505,1
,
1527708506,2
,
1527708507,2
,
1527708508,2
,
1527708509,1
,
1527708510,2
,
1527708512,2
,
1527708513,1
,
1527708514,2
,
1527708515,1
,
1527708516,2
,
1527708517,1
,
1527708518,1
,
1527708519,1
,
1527708520,2
,
1527708521,2
,
1527708522,1
,
1527708523,2
,
1527708524,2
,
1527708525,2
,
1527708526,1
,
1527708527,1
,
1527708528,1
,
1527708529,1
,
1527708530,1
,
1527708531,2
,
1527708532,2
,
1527708533,2
,
1527708534,2
,
1527708535,2
,
1527708536,2
,
1527708537,2
,
1527708538,1
,
1527708539,2
,
1527708540,2
,
1527708541,2
,
1527708542,2
,
1527708543,1
,
1527708544,2
,
1527708545,2
,
1527708546,1
,
1527708547,1
,
1527708548,2
,
1527708549,2
,
1527708550,2
,
1527708551,1
,
1527708552,2
,
1527708553,2
,
1527708554,2
,
1527708555,2
,
1527708556,1
,
1527708557,2
,
1527708558,2
,
1527708559,2
,
1527708560,2
,
1527708561,2
,
1527708562,1
,
1527708563,2
,
1527708564,2
,
1527708565,2
,
1527708566,2
,
1527708567,2
,
1527708568,2
,
1527708569,2
,
1527708570,2
,
1527708571,1
,
1527708572,2
,
1527708573,1
,
1527708574,2
,
1527708575,2
,
1527708576,1
,
1527708577,1
,
1527708578,2
,
1527708579,2
,
1527708580,2
,
1527708581,2
,
1527708582,1
,
1527708583,2
,
1527708584,2
,
1527708585,2
,
1527708586,2
,
1527708587,2
,
1527708588,1
,
1527708589,2
,
1527708590,2
,
1527708591,2
,
1527708592,2
,
1527708593,1
,
1527708594,2
,
1527708595,2
,
1527708596,2
,
1527708597,1
,
1527708598,2
,
1527708599,1
,
1527708600,2
,
1527708601,2
,
1527708602,2
,
1527708603,1
,
1527708604,2
,
1527708605,2
,
1527708606,1
,
1527708607,1
,
1527708608,1
,
1527708609,1
,
1527708610,1
,
1527708611,1
,
1527708612,2
,
1527708613,2
,
1527708614,2
,
1527708615,1
,
1527708616,2
,
1527708617,1
,
1527708618,1
,
1527708619,2
,
1527708620,1
,
1527708621,1
,
1527708622,1
,
1527708623,1
,
1527708624,2
,
1527708625,2
,
1527708626,1
,
1527708627,2
,
1527708628,1
,
1527708629,1
,
1527708630,2
,
1527708631,1
,
1527708632,2
,
1527708633,1
,
1527708634,1
,
1527708635,1
,
1527708636,1
,
1527708637,2
,
1527708638,1
,
1527708639,1
,
1527708640,1
,
1527708641,1
,
1527708642,1
,
1527708643,2
,
1527708644,1
,
1527708645,1
,
1527708646,1
,
1527708647,1
,
1527708648,1
,
1527708649,1
,
1527708650,1
,
1527708651,2
,
1527708652,1
,
1527708653,2
,
1527708654,2
,
1527708655,2
,
1527708656,2
,
1527708657,2
,
1527708658,2
,
1527708659,1
,
1527708660,1
,
1527708661,2
,
1527708662,1
,
1527708663,1
,
1527708664,1
,
1527708665,1
,
1527708666,1
,
1527708667,1
,
1527708668,1
,
1527708669,1
,
1527708670,1
,
1527708671,1
,
1527708672,1
,
1527708673,1
,
1527708674,2
,
1527708675,2
,
1527708676,1
,
1527708677,1
,
1527708678,1
,
1527708679,1
,
1527708680,1
,
1527708681,2
,
1527708682,1
,
1527708683,1
,
1527708684,1
,
1527708685,1
,
1527708686,1
,
1527708687,1
,
1527708688,1
,
1527708689,1
,
1527708690,1
,
1527708691,2
,
1527708692,1
,
1527708693,2
,
1527708694,1
,
1527708695,2
,
1527708696,2
,
1527708697,1
,
1527708698,1
,
1527708699,2
,
1527708700,2
,
1527708701,1
,
1527708702,1
,
1527708703,1
,
1527708704,1
,
1527708705,1
,
1527708706,2
,
1527708707,2
,
1527708708,1
,
1527708709,1
,
1527708710,2
,
1527708711,2
,
1527708712,1
,
1527708713,2
,
1527708714,1
,
1527708715,2
,
1527708716,1
,
1527708717,2
,
1527708718,1
,
1527708719,1
,
1527708720,1
,
1527708721,2
,
1527708722,1
,
1527708723,2
,
1527708724,1
,
1527708726,1
,
1527708727,1
,
1527708728,1
,
1527708729,1
,
1527708730,2
,
1527708731,1
,
1527708732,1
,
1527708733,2
,
1527708734,1
,
1527708735,1
,
1527708736,1
,
1527708737,1
,
1527708738,1
,
1527708739,2
,
1527708740,2
,
1527708741,1
,
1527708742,1
,
1527708743,1
,
1527708744,2
,
1527708745,2
,
1527708746,1
,
1527708747,1
,
1527708748,1
,
1527708749,1
,
1527708750,1
,
1527708751,1
,
1527708752,1
,
1527708753,1
,
1527708754,2
,
1527708755,1
,
1527708756,1
,
1527708757,2
,
1527708758,1
,
1527708759,2
,
1527708760,1
,
1527708761,1
,
1527708762,1
,
1527708763,2
,
1527708764,1
,
1527708765,1
,
1527708766,1
,
1527708767,1
,
1527708768,1
,
1527708769,1
,
1527708770,2
,
1527708771,1
,
1527708772,1
,
1527708773,2
,
1527708774,2
,
1527708775,1
,
1527708776,1
,
1527708777,1
,
1527708778,2
,
1527708779,2
,
1527708780,1
,
1527708781,1
,
1527708782,2
,
1527708783,1
,
1527708784,2
,
1527708785,1
,
1527708786,1
,
1527708787,1
,
1527708788,2
,
1527708789,2
,
1527708790,1
,
1527708791,2
,
1527708792,1
,
1527708793,2
,
1527708794,2
,
1527708795,1
,
1527708796,1
,
1527708797,2
,
1527708798,1
,
1527708799,2
,
1527708800,1
,
1527708801,1
,
1527708802,2
,
1527708803,1
,
1527708804,2
,
1527708805,1
,
1527708806,1
,
1527708807,1
,
1527708808,1
,
1527708809,2
,
1527708810,1
,
1527708811,2
,
1527708812,1
,
1527708813,2
,
1527708814,1
,
1527708815,2
,
1527708816,2
,
1527708817,1
,
1527708818,1
,
1527708819,2
,
1527708820,2
,
1527708821,1
,
1527708822,1
,
1527708823,2
,
1527708824,1
,
1527708825,1
,
1527708826,1
,
1527708827,2
,
1527708828,1
,
1527708829,1
,
1527708830,2
,
1527708831,2
,
1527708832,1
,
1527708833,2
,
1527708834,1
,
1527708835,1
,
1527708836,1
,
1527708837,1
,
1527708838,2
,
1527708839,1
,
1527708840,2
,
1527708841,1
,
1527708842,1
,
1527708843,1
,
1527708844,1
,
1527708845,1
,
1527708846,1
,
1527708847,2
,
1527708848,2
,
1527708849,1
,
1527708850,1
,
1527708851,1
,
1527708852,1
,
1527708853,1
,
1527708854,1
,
1527708855,2
,
1527708856,1
,
1527708857,1
,
1527708858,1
,
1527708859,1
,
1527708860,2
,
1527708861,1
,
1527708862,1
,
1527708863,1
,
1527708864,1
,
1527708865,1
,
1527708866,1
,
1527708867,1
,
1527708868,1
,
1527708869,1
,
1527708870,1
,
1527708871,1
,
1527708872,1
,
1527708873,1
,
1527708874,2
,
1527708875,1
,
1527708876,1
,
1527708877,1
,
1527708878,1
,
1527708879,1
,
1527708880,1
,
1527708881,1
,
1527708882,1
,
1527708883,1
,
1527708884,1
,
1527708885,2
,
1527708886,1
,
1527708887,2
,
1527708888,1
,
1527708889,2
,
1527708890,1
,
1527708891,1
,
1527708892,2
,
1527708893,1
,
1527708894,1
,
1527708895,1
,
1527708896,1
,
1527708897,2
,
1527708898,1
,
1527708899,1
,
1527708900,1
,
1527708901,1
,
1527708902,1
,
1527708903,2
,
1527708904,1
,
1527708905,1
,
1527708906,1
,
1527708907,2
,
1527708908,1
,
1527708909,1
,
1527708910,1
,
1527708911,1
,
1527708912,1
,
1527708913,1
,
1527708914,1
,
1527708915,2
,
1527708916,1
,
1527708917,1
,
1527708918,2
,
1527708919,1
,
1527708920,1
,
1527708921,1
,
1527708922,2
,
1527708923,1
,
1527708924,2
,
1527708925,1
,
1527708926,2
,
1527708927,1
,
1527708928,2
,
1527708929,2
,
1527708930,1
,
1527708931,1
,
1527708932,1
,
1527708934,1
,
1527708935,1
,
1527708936,1
,
1527708937,2
,
1527708938,1
,
1527708939,2
,
1527708940,1
,
1527708941,1
,
1527708942,2
,
1527708943,1
,
1527708944,1
,
1527708945,1
,
1527708946,1
,
1527708947,1
,
1527708948,1
,
1527708949,2
,
1527708950,1
,
1527708951,2
,
1527708952,2
,
1527708953,1
,
1527708954,1
,
1527708955,1
,
1527708956,1
,
1527708957,1
,
1527708958,2
,
1527708959,1
,
1527708960,1
,
1527708961,2
,
1527708962,2
,
1527708963,1
,
1527708964,1
,
1527708965,2
,
1527708966,1
,
1527708967,2
,
1527708968,1
,
1527708969,1
,
1527708970,2
,
1527708971,1
,
1527708972,2
,
1527708973,1
,
1527708974,1
,
1527708975,1
,
1527708976,1
,
1527708977,2
,
1527708978,2
,
1527708979,1
,
1527708980,1
,
1527708981,1
,
1527708982,2
,
1527708983,1
,
1527708984,1
,
1527708985,1
,
1527708986,2
,
1527708987,1
,
1527708988,1
,
1527708989,1
,
1527708990,2
,
1527708991,2
,
1527708992,2
,
1527708993,1
,
1527708994,1
,
1527708995,1
,
1527708996,1
,
1527708997,2
,
1527708998,2
,
1527708999,2
,
1527709000,1
,
1527709001,2
,
1527709002,1
,
1527709003,1
,
1527709004,2
,
1527709005,2
,
1527709006,1
,
1527709007,1
,
1527709008,2
,
1527709009,2
,
1527709010,1
,
1527709011,2
,
1527709012,1
,
1527709013,1
,
1527709014,2
,
1527709015,1
,
1527709016,2
,
1527709017,1
,
1527709018,1
,
1527709019,1
,
1527709020,2
,
1527709021,1
,
1527709022,1
,
1527709023,1
,
1527709024,2
,
1527709025,1
,
1527709026,1
,
1527709027,1
,
1527709028,1
,
1527709029,1
,
1527709030,1
,
1527709031,1
,
1527709032,1
,
1527709033,1
,
1527709034,1
,
1527709035,2
,
1527709036,1
,
1527709037,2
,
1527709038,2
,
1527709039,1
,
1527709040,1
,
1527709041,2
,
1527709042,2
,
1527709043,2
,
1527709044,2
,
1527709045,2
,
1527709046,1
,
1527709047,2
,
1527709048,1
,
1527709049,1
,
1527709050,1
,
1527709051,1
,
1527709052,2
,
1527709053,1
,
1527709054,1
,
1527709055,1
,
1527709056,1
,
1527709057,2
,
1527709058,2
,
1527709059,2
,
1527709060,1
,
1527709061,2
,
1527709062,2
,
1527709063,1
,
1527709064,1
,
1527709065,1
,
1527709066,1
,
1527709067,1
,
1527709068,1
,
1527709069,1
,
1527709070,1
,
1527709071,1
,
1527709072,1
,
1527709073,2
,
1527709074,2
,
1527709075,2
,
1527709076,2
,
1527709077,1
,
1527709078,2
,
1527709079,1
,
1527709080,1
,
1527709081,2
,
1527709082,1
,
1527709083,1
,
1527709084,1
,
1527709085,1
,
1527709086,1
,
1527709087,1
,
1527709088,1
,
1527709089,1
,
1527709090,2
,
1527709091,1
,
1527709092,1
,
1527709093,1
,
1527709094,1
,
1527709095,1
,
1527709096,1
,
1527709097,1
,
1527709098,2
,
1527709099,1
,
1527709100,2
,
1527709101,2
,
1527709102,1
,
1527709103,1
,
1527709104,2
,
1527709105,1
,
1527709106,1
,
1527709107,1
,
1527709108,2
,
1527709109,1
,
1527709110,2
,
1527709111,1
,
1527709112,2
,
1527709113,1
,
1527709114,1
,
1527709115,2
,
1527709116,2
,
1527709117,2
,
1527709118,2
,
1527709119,1
,
1527709120,2
,
1527709121,1
,
1527709122,1
,
1527709123,2
,
1527709124,2
,
1527709125,2
,
1527709126,2
,
1527709127,1
,
1527709128,1
,
1527709129,1
,
1527709130,1
,
1527709131,1
,
1527709132,1
,
1527709133,1
,
1527709134,1
,
1527709135,1
,
1527709136,2
,
1527709137,2
,
1527709138,1
,
1527709139,1
,
1527709140,2
,
1527709141,1
,
1527709142,1
,
1527709143,1
,
1527709144,2
,
1527709145,2
,
1527709146,1
,
1527709147,2
,
1527709148,2
,
1527709149,2
,
1527709150,1
,
1527709151,2
,
1527709152,2
,
1527709153,2
,
1527709154,2
,
1527709155,2
,
1527709156,2
,
1527709157,2
,
1527709158,2
,
1527709159,1
,
1527709160,2
,
1527709161,2
,
1527709162,2
,
1527709163,2
,
1527709164,2
,
1527709165,2
,
1527709166,2
,
1527709167,2
,
1527709168,2
,
1527709169,2
,
1527709170,2
,
1527709172,2
,
1527709173,1
,
1527709174,2
,
1527709175,1
,
1527709176,2
,
1527709177,2
,
1527709178,2
,
1527709179,2
,
1527709180,1
,
1527709181,2
,
1527709182,2
,
1527709183,1
,
1527709184,2
,
1527709185,2
,
1527709186,2
,
1527709187,1
,
1527709188,2
,
1527709189,1
,
1527709190,2
,
1527709191,2
,
1527709192,3
,
1527709193,2
,
1527709194,2
,
1527709195,2
,
1527709196,2
,
1527709197,2
,
1527709198,1
,
1527709199,1
,
1527709200,1
,
1527709201,1
,
1527709202,1
,
1527709203,2
,
1527709204,1
,
1527709205,2
,
1527709206,1
,
1527709207,2
,
1527709208,2
,
1527709209,2
,
1527709210,1
,
1527709211,1
,
1527709212,1
,
1527709213,2
,
1527709214,1
,
1527709215,1
,
1527709216,1
,
1527709217,1
,
1527709218,2
,
1527709219,2
,
1527709220,2
,
1527709221,1
,
1527709222,2
,
1527709223,1
,
1527709224,1
,
1527709225,1
,
1527709226,1
,
1527709227,2
,
1527709228,1
,
1527709229,1
,
1527709230,1
,
1527709231,1
,
1527709232,1
,
1527709233,1
,
1527709234,1
,
1527709235,1
,
1527709236,1
,
1527709237,2
,
1527709238,1
,
1527709239,1
,
1527709240,2
,
1527709241,1
,
1527709242,1
,
1527709243,1
,
1527709244,2
,
1527709245,1
,
1527709246,1
,
1527709247,2
,
1527709248,1
,
1527709249,1
,
1527709250,1
,
1527709251,1
,
1527709252,1
,
1527709253,1
,
1527709254,2
,
1527709255,1
,
1527709256,2
,
1527709257,2
,
1527709258,1
,
1527709259,1
,
1527709260,1
,
1527709261,1
,
1527709262,1
,
1527709263,2
,
1527709264,1
,
1527709265,1
,
1527709266,1
,
1527709267,1
,
1527709268,2
,
1527709269,1
,
1527709270,2
,
1527709271,1
,
1527709272,1
,
1527709273,1
,
1527709274,1
,
1527709275,1
,
1527709276,1
,
1527709277,1
,
1527709278,1
,
1527709279,1
,
1527709280,1
,
1527709281,1
,
1527709282,2
,
1527709283,1
,
1527709284,2
,
1527709285,1
,
1527709286,2
,
1527709287,1
,
1527709288,1
,
1527709289,2
,
1527709290,1
,
1527709291,2
,
1527709292,1
,
1527709293,1
,
1527709294,2
,
1527709295,1
,
1527709296,2
,
1527709297,2
,
1527709298,1
,
1527709299,2
,
1527709300,2
,
1527709301,2
,
1527709302,2
,
1527709303,1
,
1527709304,1
,
1527709305,3
,
1527709306,2
,
1527709307,1
,
1527709308,1
,
1527709309,1
,
1527709310,2
,
1527709311,2
,
1527709312,1
,
1527709313,2
,
1527709314,2
,
1527709315,2
,
1527709316,1
,
1527709317,2
,
1527709318,1
,
1527709319,1
,
1527709320,1
,
1527709321,1
,
1527709322,1
,
1527709323,2
,
1527709324,1
,
1527709325,2
,
1527709326,1
,
1527709327,1
,
1527709328,1
,
1527709329,2
,
1527709330,1
,
1527709331,1
,
1527709332,1
,
1527709333,2
,
1527709334,2
,
1527709335,1
,
1527709336,2
,
1527709337,2
,
1527709338,1
,
1527709339,1
,
1527709340,1
,
1527709341,1
,
1527709342,1
,
1527709343,1
,
1527709344,2
,
1527709345,2
,
1527709346,2
,
1527709347,2
,
1527709348,2
,
1527709349,2
,
1527709350,2
,
1527709351,2
,
1527709352,2
,
1527709353,2
,
1527709354,2
,
1527709355,2
,
1527709356,1
,
1527709357,1
,
1527709358,2
,
1527709359,2
,
1527709360,2
,
1527709361,2
,
1527709362,1
,
1527709363,1
,
1527709364,1
,
1527709365,2
,
1527709366,1
,
1527709367,1
,
1527709368,2
,
1527709369,1
,
1527709370,2
,
1527709371,1
,
1527709372,2
,
1527709373,2
,
1527709374,1
,
1527709375,1
,
1527709376,2
,
1527709377,1
,
1527709378,1
,
1527709379,1
,
1527709380,1
,
1527709381,2
,
1527709382,1
,
1527709383,1
,
1527709384,2
,
1527709385,1
,
1527709386,2
,
1527709387,1
,
1527709388,2
,
1527709389,1
,
1527709390,1
,
1527709391,1
,
1527709392,1
,
1527709393,2
,
1527709395,2
,
1527709396,2
,
1527709397,2
,
1527709398,1
,
1527709399,2
,
1527709400,2
,
1527709401,1
,
1527709402,1
,
1527709403,2
,
1527709404,1
,
1527709405,2
,
1527709406,1
,
1527709407,2
,
1527709408,1
,
1527709409,1
,
1527709410,2
,
1527709411,2
,
1527709412,2
,
1527709413,2
,
1527709414,2
,
1527709415,2
,
1527709416,2
,
1527709417,2
,
1527709418,2
,
1527709419,2
,
1527709420,2
,
1527709421,2
,
1527709422,1
,
1527709423,1
,
1527709424,1
,
1527709425,1
,
1527709426,2
,
1527709427,1
,
1527709428,1
,
1527709429,2
,
1527709430,1
,
1527709431,2
,
1527709432,2
,
1527709433,1
,
1527709434,1
,
1527709435,1
,
1527709436,1
,
1527709437,2
,
1527709438,1
,
1527709439,1
,
1527709440,2
,
1527709441,1
,
1527709442,1
,
1527709443,1
,
1527709444,1
,
1527709445,2
,
1527709446,1
,
1527709447,1
,
1527709448,2
,
1527709449,2
,
1527709450,2
,
1527709451,1
,
1527709452,1
,
1527709453,2
,
1527709454,2
,
1527709455,1
,
1527709456,2
,
1527709457,1
,
1527709458,1
,
1527709459,2
,
1527709460,1
,
1527709461,1
,
1527709462,1
,
1527709463,2
,
1527709464,1
,
1527709465,1
,
1527709466,1
,
1527709467,1
,
1527709468,1
,
1527709469,1
,
1527709470,1
,
1527709471,1
,
1527709472,1
,
1527709473,1
,
1527709474,1
,
1527709475,1
,
1527709476,1
,
1527709477,1
,
1527709478,1
,
1527709479,1
,
1527709480,1
,
1527709481,1
,
1527709482,1
,
1527709483,1
,
1527709484,1
,
1527709485,2
,
1527709486,2
,
1527709487,2
,
1527709488,2
,
1527709489,1
,
1527709490,1
,
1527709491,1
,
1527709492,1
,
1527709493,1
,
1527709494,2
,
1527709495,1
,
1527709496,1
,
1527709497,1
,
1527709498,2
,
1527709499,1
,
1527709500,1
,
1527709501,1
,
1527709502,1
,
1527709503,1
,
1527709504,2
,
1527709505,2
,
1527709506,2
,
1527709507,1
,
1527709508,1
,
1527709509,2
,
1527709510,2
,
1527709511,1
,
1527709512,1
,
1527709513,2
,
1527709514,1
,
1527709515,2
,
1527709516,1
,
1527709517,1
,
1527709518,1
,
1527709519,2
,
1527709520,1
,
1527709521,2
,
1527709522,1
,
1527709523,2
,
1527709524,1
,
1527709525,2
,
1527709526,2
,
1527709527,2
,
1527709528,2
,
1527709529,2
,
1527709530,1
,
1527709531,1
,
1527709532,1
,
1527709533,2
,
1527709534,2
,
1527709535,2
,
1527709536,1
,
1527709537,2
,
1527709538,1
,
1527709539,1
,
1527709540,1
,
1527709541,1
,
1527709542,2
,
1527709543,2
,
1527709544,2
,
1527709545,2
,
1527709546,1
,
1527709547,2
,
1527709548,2
,
1527709549,2
,
1527709550,2
,
1527709551,1
,
1527709552,1
,
1527709553,2
,
1527709554,1
,
1527709555,2
,
1527709556,2
,
1527709557,2
,
1527709558,1
,
1527709559,1
,
1527709560,2
,
1527709561,1
,
1527709562,1
,
1527709563,1
,
1527709564,2
,
1527709565,1
,
1527709566,2
,
1527709567,1
,
1527709568,1
,
1527709569,2
,
1527709570,1
,
1527709571,2
,
1527709572,1
,
1527709573,2
,
1527709574,1
,
1527709575,2
,
1527709576,2
,
1527709577,1
,
1527709578,1
,
1527709579,1
